Metric,Value
Mean Divergence,0.0993459027349876
Max Divergence,0.18871780467545385
Min Divergence (excl. diagonal),0.025059002725772883
F-statistic,1.0055711269378662
p-value,0.41490307450294495
